[
    {
        "id": 1,
        "nome": "Óculos Addis",
        "preco": 199.99,
        "parcelas": 3,
        "imagem": "https://raw.githubusercontent.com/samueldbferreira/storeImages/main/uploads/addis.png"
    },
    {
        "id": 2,
        "nome": "Óculos Addis",
        "preco": 199.99,
        "parcelas": 3,
        "imagem": "https://raw.githubusercontent.com/samueldbferreira/storeImages/main/uploads/addis.png"
    },
    {
        "id": 3,
        "nome": "Óculos Addis",
        "preco": 199.99,
        "parcelas": 3,
        "imagem": "https://raw.githubusercontent.com/samueldbferreira/storeImages/main/uploads/addis.png"
    },
    {
        "id": 4,
        "nome": "Óculos Addis",
        "preco": 199.99,
        "parcelas": 3,
        "imagem": "https://raw.githubusercontent.com/samueldbferreira/storeImages/main/uploads/addis.png"
    },
    {
        "id": 5,
        "nome": "Óculos Addis",
        "preco": 199.99,
        "parcelas": 3,
        "imagem": "https://raw.githubusercontent.com/samueldbferreira/storeImages/main/uploads/addis.png"
    },
    {
        "id": 6,
        "nome": "Óculos Addis",
        "preco": 199.99,
        "parcelas": 3,
        "imagem": "https://raw.githubusercontent.com/samueldbferreira/storeImages/main/uploads/addis.png"
    },
    {
        "id": 7,
        "nome": "Óculos Addis",
        "preco": 199.99,
        "parcelas": 3,
        "imagem": "https://raw.githubusercontent.com/samueldbferreira/storeImages/main/uploads/addis.png"
    },
    {
        "id": 8,
        "nome": "Óculos Addis",
        "preco": 199.99,
        "parcelas": 3,
        "imagem": "https://raw.githubusercontent.com/samueldbferreira/storeImages/main/uploads/addis.png"
    },
    {
        "id": 9,
        "nome": "Óculos Addis",
        "preco": 199.99,
        "parcelas": 3,
        "imagem": "https://raw.githubusercontent.com/samueldbferreira/storeImages/main/uploads/addis.png"
    },
    {
        "id": 10,
        "nome": "Óculos Addis",
        "preco": 199.99,
        "parcelas": 3,
        "imagem": "https://raw.githubusercontent.com/samueldbferreira/storeImages/main/uploads/addis.png"
    },
    {
        "id": 11,
        "nome": "Óculos Addis",
        "preco": 199.99,
        "parcelas": 3,
        "imagem": "https://raw.githubusercontent.com/samueldbferreira/storeImages/main/uploads/addis.png"
    },
    {
        "id": 12,
        "nome": "Óculos Addis",
        "preco": 199.99,
        "parcelas": 3,
        "imagem": "https://raw.githubusercontent.com/samueldbferreira/storeImages/main/uploads/addis.png"
    }
]
